date,user,text
"2025/03/02, 10:00 AM",Arthur McMillan,I've started a new project: 'Memory Assistant Journal'. The goal is to document my daily life to help me remember things better. This project has a high priority and should be completed by 2025/04/15.
"2025/03/03, 9:16 AM",Arthur McMillan,"Today, I am visiting the community library to borrow a new historical novel."
"2025/03/05, 09:00 AM",Arthur McMillan,I have started a routine: going for a walk at 9:00 AM every Monday and Thursday (started on 2025/03/05).
"2025/03/04, 10:19 PM",Arthur McMillan,"Today, I am working on a new wooden bookshelf in my workshop."
"2025/03/05, 11:22 AM",Arthur McMillan,"Today, I am attending a senior center gathering."
"2025/03/06, 7:25 PM",Arthur McMillan,"Today at 7:25 PM, I'm working on 'calling Emily to discuss weekend plans' as part of my 'Memory Assistant Journal' project."
"2025/03/07, 8:28 AM",Arthur McMillan,"On 2025/03/07, at 8:28 AM, I have an appointment at the senior center."
"2025/03/08, 9:31 PM",Arthur McMillan,"Today, I'm reviewing my progress on 'Memory Assistant Journal' and adding new notes."
"2025/03/09, 10:34 AM",Arthur McMillan,"Today, I am going for a walk around the neighborhood."
"2025/03/10, 11:37 PM",Arthur McMillan,"Today, I am watching an old western movie."
"2025/03/11, 7:40 AM",Arthur McMillan,"Today at 7:40 AM, I'm working on 'visiting the doctor for a check-up' as part of my 'Memory Assistant Journal' project."
"2025/03/12, 8:43 PM",Arthur McMillan,"Today, I am meeting my friend at the coffee shop."
"2025/03/13, 9:46 AM",Arthur McMillan,"On 2025/03/13, at 9:46 AM, I have an appointment at the senior center."
"2025/03/14, 10:49 PM",Arthur McMillan,"Today, I am planning Hannahâ€™s college visit trip."
"2025/03/15, 11:52 AM",Arthur McMillan,"Today, I'm reviewing my progress on 'Memory Assistant Journal' and adding new notes."
"2025/03/16, 7:55 PM",Arthur McMillan,"Today at 7:55 PM, I'm working on 'helping Jessica with a school history project' as part of my 'Memory Assistant Journal' project."
"2025/03/17, 8:58 AM",Arthur McMillan,"Today, I am writing in my personal journal."
"2025/03/18, 9:11 PM",Arthur McMillan,"Today, I am meeting Sarah to discuss future caregiving plans."
"2025/03/19, 10:14 AM",Arthur McMillan,"On 2025/03/19, at 10:14 AM, I have an appointment at the senior center."
"2025/03/20, 11:17 PM",Arthur McMillan,"Today, I am buying new tools for my woodworking projects."
"2025/03/21, 7:20 AM",Arthur McMillan,"Today at 7:20 AM, I'm working on 'sorting through my old book collection' as part of my 'Memory Assistant Journal' project."
"2025/03/22, 8:23 PM",Arthur McMillan,"Today, I'm reviewing my progress on 'Memory Assistant Journal' and adding new notes."
"2025/03/23, 9:26 AM",Arthur McMillan,"Today, I am making adjustments to my bookshelf project."
"2025/03/24, 10:29 PM",Arthur McMillan,"Today, I am fixing a broken chair in my workshop."
"2025/03/25, 11:32 AM",Arthur McMillan,"On 2025/03/25, at 11:32 AM, I have an appointment at the senior center."
"2025/03/26, 7:35 PM",Arthur McMillan,"Today at 7:35 PM, I'm working on 'preparing for the upcoming family dinner' as part of my 'Memory Assistant Journal' project."
"2025/03/27, 8:38 AM",Arthur McMillan,"Today, I am reviewing my medication schedule."
"2025/03/28, 9:41 PM",Arthur McMillan,"Today, I am talking to Emily about upcoming doctor visits."
"2025/03/29, 10:44 AM",Arthur McMillan,"Today, I'm reviewing my progress on 'Memory Assistant Journal' and adding new notes."
"2025/03/30, 11:47 PM",Arthur McMillan,"Today, I am organizing my daily planner to keep track of important dates."
